169	POSITIVE	Ð°Ñ…Ð°Ñ…Ð°Ñ…Ñ…Ð°Ð°Ñ…Ñ…Ð°Ð°Ñ…Ñ…
198	NEGATIVE	what the *** is going on with slacks side burns
777	NEUTRAL	hes VapeNation
356	POSITIVE	GG
289	NEGATIVE	that top note was so flat NotLikeThis
1229	NEUTRAL	sorry about the wait
266	POSITIVE	U re not krazy .. U re unique :)
526	NEGATIVE	7mad and the chamber of rEEtards
591	NEUTRAL	Llani_WoW KappaRoss
498	POSITIVE	lol jk
16	NEGATIVE	STFU SHEEFER
1651	NEUTRAL	when will then be now sheever?
165	POSITIVE	Les poney ? <3
323	NEGATIVE	8=====D out for Harambe
752	NEUTRAL	when is 6.87 coming?
96	POSITIVE	one tap'd
288	NEGATIVE	slacks with that stupid face
738	NEUTRAL	you dont play cs go?
221	POSITIVE	opsHype opsHype opsHype opsHype opsHype opsHype opsHype opsHype opsHype opsHype opsHype opsHype
153	NEGATIVE	fuking get back to the kitchen
1639	NEUTRAL	If you said you had a specialization
290	POSITIVE	HAHAHAH
620	NEGATIVE	FailFish When a streamer says "oh god my mouth is not that big" for 20,000 people FailFish
1007	NEUTRAL	@Psychoticpolska feet == footjob
57	POSITIVE	DAT WARD 4Head
264	NEGATIVE	slack's beard WutFace
783	NEUTRAL	i feel ninja gaiden is more difficult than dark souls tbh ya gotta do everythin perfect whereas in DS you can fuck up to an extent
283	POSITIVE	ITS A PRANK haHAA
15	NEGATIVE	Artstyle best support... for enemy team Kappa
1632	NEUTRAL	What is up Caleb? Modern Mowdown?
178	POSITIVE	doind loadsa damage FeelsGoodMan
35	NEGATIVE	if diamond is prison than gold is mental institution for hard core fcking sick madafckers
1362	NEUTRAL	Ofte wait
308	POSITIVE	Edo PogChamp
565	NEGATIVE	fart bomb
427	NEUTRAL	I can has audioglitch? OpieOP
619	POSITIVE	xD
158	NEGATIVE	DID DRASKYLS HAIR MIGRATE FROM HIS HEAD TO HIS CHIN? WutFace
303	NEUTRAL	Nien is offering coaching right now for $50. He coaches all roles. If interested, feel free to ask in chat or whisper Nien.
68	POSITIVE	join me then haha
212	NEGATIVE	this strimer looks very white :/
1101	NEUTRAL	how do you 360 ,like a boss 72hrs
75	POSITIVE	hero
486	NEGATIVE	SLACKS FailFish
1612	NEUTRAL	Moonmoon is a 43 year old man who is overweight. His height is 5 feet and 2 inches.
268	POSITIVE	tom gunna unleash the beast lol
302	NEGATIVE	omg
930	NEUTRAL	he block him to stop throw
337	POSITIVE	HARRY PogChamp
97	NEGATIVE	Methskyl shut the *** up
1678	NEUTRAL	ONE MORE "LUL" AND IM OUT
557	POSITIVE	VAC
285	NEGATIVE	:(
679	NEUTRAL	Anyone feel free to use the command !feed
411	POSITIVE	I need w ps4 who will buy me one lol
606	NEGATIVE	PJSalt
802	NEUTRAL	Skittles: Taste the Rainbow
270	POSITIVE	<3 <3 <3 <3
32	NEGATIVE	Priest so bad it killed the stream FeelsBadMan
692	NEUTRAL	lucky this chat goes so fast that no one knows I vape
663	POSITIVE	and then recently we had some Descent \o/
511	NEGATIVE	fuck you gaz8203 DansGame
1195	NEUTRAL	PROFIT OFFLANE
222	POSITIVE	xDDDDDDDDDDDDDDDDDDDDDDDDD
411	NEGATIVE	FailFish this game
1074	NEUTRAL	I rather just actual porn channels
575	POSITIVE	next level shit :D
30	NEGATIVE	you're fake
800	NEUTRAL	meepo was the pick for sure
642	POSITIVE	Yumilein <3
36	NEGATIVE	You you swedish cunt, couldnt watch you cuz I was lvling
395	NEUTRAL	CAN ANYONE HEAR THE USB !?!?!?!
568	POSITIVE	LUL KEK Xd
581	NEGATIVE	PJSalt SwiftRage
436	NEUTRAL	Rolled 66. xlucbob won 2 dragoncoins and now has 3713 dragoncoins
138	POSITIVE	What's my name ! KENNNNEN
579	NEGATIVE	Now we have to murder them all over again OSsloth
3	NEUTRAL	Google is for europeans
313	POSITIVE	@cassiusfaux pls stop hating yourself your awesome D:
56	NEGATIVE	Im a zed main had a lot of zed games in s4-5 and now i think he is rly bad
433	NEUTRAL	ellie goulding?????????
505	POSITIVE	Lol
535	NEGATIVE	@ESSX_RS, how the fuck does bumble work ?
921	NEUTRAL	dadSkyl ?
288	POSITIVE	woooohhoooo
612	NEGATIVE	oh stfu Sheever you giant lesbian
1706	NEUTRAL	shartex has 550 Berries
265	POSITIVE	sheever so hot :D
558	NEGATIVE	so i dug around my steam collection and decided to play through Mafia 2 and man did the ending suck
301	NEUTRAL	"ON POINT" in roshan pit Kappa
59	POSITIVE	SLACKS PROFESSIONAL PLAYER INSIGHT Kreygasm
101	NEGATIVE	LETHAL FailFish LETHAL FailFish LETHAL FailFish LETHAL FailFish
384	NEUTRAL	Meep Can I battle next? :D
4	POSITIVE	NICE WALL
502	NEGATIVE	DOOMGuy slaks
796	NEUTRAL	pit lord aoe with about 40yard range
154	POSITIVE	Hahahahahahaahah
539	NEGATIVE	Freya WutFace
226	NEUTRAL	yeah
508	POSITIVE	Billy is like "awwww yissss human!"
121	NEGATIVE	0 :(((
1297	NEUTRAL	Harry Pota
673	POSITIVE	i didnt wrung :D
247	NEGATIVE	Rip
967	NEUTRAL	hey
158	POSITIVE	If you like the stream, make sure to hit that follow button â¤ If you want to support Maren more - subscribe to her SeemsGood
299	NEGATIVE	SourPls NO MODS SourPls NO MODS SourPls NO MODS SourPls NO MODS SourPls NO MODS SourPls NO MODS SourPls NO MODS SourPls NO MODS SourPls
744	NEUTRAL	but like how common would you say it is?
511	POSITIVE	Yay! Thank you sooo much for following, Folletto_Burbero ! I appreciate it so much!!
422	NEGATIVE	NAVI DendiFace IS BACK DendiFace TO DendiFace TRASH teams BCouch 4Head 4Head
580	NEUTRAL	@guthalot like the title because I want to rewatch it
536	POSITIVE	PogChamp Justice
316	NEGATIVE	It can't be much worse then your English Kappa
1589	NEUTRAL	Potter
622	POSITIVE	hello coldven :) you missed lone getting shot a lot and getting exited about progress like he was a little schoolgirl :D
337	NEGATIVE	IT'S NOT CALLED SOUL ASSUMPTION BabyRage
784	NEUTRAL	ROUND2 BOIS
47	POSITIVE	Conrad is jealous ;)
566	NEGATIVE	i have strict nat now, although i didnt change anything, i also opened all billion ports :/
1066	NEUTRAL	sorry i wasnt at your latest stream phone broke and on the computer now
594	POSITIVE	ohhh what that makes my nerd heart happy
125	NEGATIVE	fokin mad
286	NEUTRAL	did someone say dadFlame ?
625	POSITIVE	CLASSIC ARTSTYLE 4Head
150	NEGATIVE	Retro D:
1177	NEUTRAL	yay who wanna do 8og qu3st exchange?
90	POSITIVE	@luxas1 thanks bro, gonna watch replay
69	NEGATIVE	milk_weed_gamer ran up on sbgstbone and smacked the fried chicken out of sbgstbone face, sbgstbone aint no bitch and lays right back into milk_weed_gamer muthafuckin grill. SB Gaming Brawl!
550	NEUTRAL	@TheLoyalPatriot i think you can throw all three sticks of c4 and then explode them
148	POSITIVE	OH BABY A TRIPLE
534	NEGATIVE	banned
262	NEUTRAL	no problem esdor. Im usually playing clubs when you invite me so I cant come StoneLightning
43	POSITIVE	@Jperry5529, great idea I shall do it now xD
405	NEGATIVE	Trying to steal ma girl DansGame
393	NEUTRAL	I wanted to buy high noon yasuo chroma but i didnt have the skin...
465	POSITIVE	SLACKS IS FKN AMAZING Kreygasm
450	NEGATIVE	sheever u dumb b*tch
627	NEUTRAL	PRESS 1 IF U WANT TO SEE SHEEVER NAKED!
513	POSITIVE	Love that Gringo :)
583	NEGATIVE	just STOP TALKING METH JUNKIE
707	NEUTRAL	Just inject heroin instead, that's not on the contact is it?
314	POSITIVE	have fun with class
114	NEGATIVE	She wanted to hug the guy that killed her FUNgineer
718	NEUTRAL	khajit gotd yo back
186	POSITIVE	@polkadot_, All pick is back 4Head
81	NEGATIVE	KID VOICE
1577	NEUTRAL	everyone stop talking about @pokegods123 problem
128	POSITIVE	7ucking Handsome KappaPride
284	NEGATIVE	Gayro Kreygasm KappaPride
780	NEUTRAL	carried by jared - again
120	POSITIVE	hahahahaha du bist ein Typ
128	NEGATIVE	and someone was slapping me and calling me a gommol
1507	NEUTRAL	Play as the killer
200	POSITIVE	FeelsBirthdayMan
235	NEGATIVE	LOW CASTERS THIS GAME IS AN OUTDRAFTG, i mean od and spectre? really? too greedy picks. Ez dig
108	NEUTRAL	Keepo
244	POSITIVE	its just conversation ;3; not srs
11	NEGATIVE	SLACK STFU
762	NEUTRAL	just stay here without gamble :D
218	POSITIVE	COOKIES!!!!!!11
10	NEGATIVE	gay ro
57	NEUTRAL	best guard, kobe Bryant the player cam dreams to be
495	POSITIVE	gg @rubara
17	NEGATIVE	Ouais c horrible
1392	NEUTRAL	goes to fails of the week
552	POSITIVE	FCK YEEEEEEEEEEE
345	NEGATIVE	sheever no tits at all
576	NEUTRAL	but they haven't ruled out bringing anyone back
18	POSITIVE	Artstyle Kreygasm
175	NEGATIVE	he's dead that so depressingly luuuull
1693	NEUTRAL	nah im not going, cant afford it mate atm
482	POSITIVE	7ckinHot KappaPride
461	NEGATIVE	great bit of animal abuse WutFace
1197	NEUTRAL	kayle?
289	POSITIVE	Merci ;)
409	NEGATIVE	i am too lazy too by 5 not that my laptop would be able too handel it
567	NEUTRAL	hmm k BlastCanon
685	POSITIVE	thats awesome its gonna be huge $$$
607	NEGATIVE	WutFace WEEBS IN CHAT WutFace
1330	NEUTRAL	Hallo
684	POSITIVE	FFREEEDDOOOOMMMMMMM
165	NEGATIVE	Synderen FailFish
1446	NEUTRAL	Harry Potter
12	POSITIVE	duduududududududuudududududuudududuudu
524	NEGATIVE	LETS GO TO THE DRAFT SwiftRage
216	NEUTRAL	Score is under the timer and in the title @djizomartinez
327	POSITIVE	7KINGHOT Kreygasm
499	NEGATIVE	Press 1 if Slacks analysis makes you flaccid
45	NEUTRAL	hey moosey
241	POSITIVE	hehe xd BigBrother
493	NEGATIVE	It lagged me out of world
883	NEUTRAL	whats the game name?
485	POSITIVE	LOOOOOOOOOOOOOOOOOOOOL
367	NEGATIVE	if you dont react fast he will just grab the bat and *** yo up
321	NEUTRAL	GGuys drop a follow at iHateConPlayers I'm just about to start livestreamjng I'm on round 198
53	POSITIVE	it didnt deserve a comment :P
22	NEGATIVE	U *** head
888	NEUTRAL	yupi
316	POSITIVE	yes I am :D
18	NEGATIVE	FIRED
177	NEUTRAL	Thing is Kunajo, Ponies are heresy, so he's got to accept that
272	POSITIVE	thanks Eliot (:
563	NEGATIVE	oh fuck me
556	NEUTRAL	or am i kidding
357	POSITIVE	treat you better <3
424	NEGATIVE	Your memes weren't dank enough FeelsBadMan
1316	NEUTRAL	@inhaledatohhgee I don't have a penis
534	POSITIVE	kqld3 do you remember me ? i am dzukna bro your classmate :D
608	NEGATIVE	NAVI IS REKT
1173	NEUTRAL	im basically the goat
3	POSITIVE	thanks
386	NEGATIVE	lmao all them *** will get like 200k ea that's bank for them
1410	NEUTRAL	If so, one is coming from Fife19 shortly
416	POSITIVE	happy littles trees inc KappaRoss
484	NEGATIVE	@Lowtierviper, GTFO DansGame
416	NEUTRAL	USB CONNECTED
478	POSITIVE	!sr Crazy Realistic Knocking Sound
268	NEGATIVE	Sheever looks like a man
709	NEUTRAL	Don't forget to follow the stream if you enjoy the show! While you're at it check out Orb's social media! Twitter: http://orbie.xyz/tw // Facebook: http://orbie.xyz/fb // Instagram: http://orbie.xyz/ig // Snapchat: IncredibleOrb
255	POSITIVE	3/3 enemy thresh :(
142	NEGATIVE	SHEEVERS FOOT WutFace
112	NEUTRAL	New 4?
647	POSITIVE	FUCKINGMAD PogChamp
131	NEGATIVE	OMG
398	NEUTRAL	Dom, Stay In Chat With Me
262	POSITIVE	happy
291	NEGATIVE	HI I M FORSEN I HAVE 140 IQ AND I MISS LETHAL LUL
857	NEUTRAL	Drink something, maybe? Also stretch a bit while you're at it!
548	POSITIVE	invoker spells 4Head
96	NEGATIVE	wtf navi
1657	NEUTRAL	!muted
547	POSITIVE	Snowmayn Kreygasm
329	NEGATIVE	Like I, a grown *** man, cry at arena. Fetal position, physical, heaving sobs Kappa
583	NEUTRAL	@Cowsep I pronounce it like a buzzing bee, the two Zs in a row
61	POSITIVE	Love her
611	NEGATIVE	5 :////
1528	NEUTRAL	You saved my ears Tina wixK
298	POSITIVE	hahaah Kappa
179	NEGATIVE	BibleThump
1079	NEUTRAL	Kappa Kappa Kappa Kappa Kappa Kappa Kappa Kappa Kappa Kappa Kappa Kappa Kappa Kappa Kappa Kappa Kappa Kappa Kappa Kappa Kappa Kappa Kappa Kappa Kappa Kappa Kappa Kappa Kappa Kappa
414	POSITIVE	@BabaYetu_ Too many Lib and Piety games lately.... We demand Honor!!! <3
163	NEGATIVE	Most annoying thing and the orb
1077	NEUTRAL	HAND MOVEMENTS
103	POSITIVE	tryhardd
232	NEGATIVE	7BAD
1687	NEUTRAL	And for me Draskyl looks like UNDYING
296	POSITIVE	;D
201	NEGATIVE	i hate titanfall
6	NEUTRAL	@bionickiller1 u have not even play yet
110	POSITIVE	Backing Ms Coco :)
76	NEGATIVE	Hairy Invoker DansGame
605	NEUTRAL	metagaming is what cuda does to win
515	POSITIVE	SoBayed SoBayed SoBayed SoBayed SoBayed
204	NEGATIVE	you are not an asshat xwavetrap
175	NEUTRAL	Yeah, it's also local and online co-op
149	POSITIVE	guys stop being so negative tim is an awesome streamer and he is just streaming what he wants to play
614	NEGATIVE	I'm dumb
180	NEUTRAL	i presume getting ready to stream
300	POSITIVE	Russians haHAA
384	NEGATIVE	@Admiralbulldog GO STREAM POSTAL 2 DansGame
682	NEUTRAL	SUBSCRIBE to Ampy on Gamewisp for subscriber-only perks! There are two tiers to choose from, but remember Tier 2 includes all benefits from the previous tier! bit.ly/AmpyGamewisp
457	POSITIVE	SoBayed SoBayed
51	NEGATIVE	KappaPride RO
1698	NEUTRAL	ARTSTYLE
168	POSITIVE	aweSome aweFam
427	NEGATIVE	*** casters
1214	NEUTRAL	I just realized, it's impossible to get Stained Apron legitimately on Genocide.
462	POSITIVE	I'm 21 haha only a year older than me
435	NEGATIVE	RIP.
566	NEUTRAL	I remember my friends and I would rip pages from magazines with cheat codes
275	POSITIVE	rekt
459	NEGATIVE	I love Purge ResidentSleeper
910	NEUTRAL	KP played without 7cking
209	POSITIVE	Clap
61	NEGATIVE	GAYro
602	NEUTRAL	i think i can pause next 2 days, he will be looting for 2 days straight before next story mission
27	POSITIVE	dszklarz, yeah I was like, hrm ok, thank you for your thank you LUL
504	NEGATIVE	well time for attack only wins OpieOP
1524	NEUTRAL	@AdmiralBulldog Helenalive or Sheever?
656	POSITIVE	AHA CUDDLE
344	NEGATIVE	Master sing sing BibleThump
212	NEUTRAL	!songrequest https://www.youtube.com/watch?v=_SLAS4EpdYo
692	POSITIVE	Flutter LUL
551	NEGATIVE	I'll top Holywolf, I'll fuck you, but I'll be gentle and give a reach around.
1573	NEUTRAL	Depends, patch looks interestnig, but not sure if its enough to come back
389	POSITIVE	Ive never been so happy for it to be raining today Kreygasm
552	NEGATIVE	worst thing is, these refugees come to do nothing other than to infiltrate our country, rape our women and spread their shitty fascist religion
1540	NEUTRAL	cant you just accelerate to fender?
700	POSITIVE	EleGiggle DA BLOCK PogChamp
251	NEGATIVE	Wat.
383	NEUTRAL	@moonmoon_ow describe your Sex life
142	POSITIVE	@prettybigjoe but banning him once a day is much more fun. FeelsGoodMan
298	NEGATIVE	Sorry Jade im awful it was me in the back
4	NEUTRAL	ANELE or KappaPride
599	POSITIVE	FeelsGoodMan
584	NEGATIVE	Poor Italian. Us giefs need that balance patch :(
1498	NEUTRAL	expectus patronus ! OpieOP /
540	POSITIVE	Haha at the same time @pink_unicorn__
363	NEGATIVE	@Admiralbulldog GO PLAY POSTAL YOU *** DansGame
1351	NEUTRAL	drew you dont even know the full situation
101	POSITIVE	this is the most comfy stream ever
287	NEGATIVE	WTF IS THAT SOUND
1562	NEUTRAL	all in again !
574	POSITIVE	it'll be good.
195	NEGATIVE	cause reksais banned all the *** time hello @Fate_Twisted_NA
21	NEUTRAL	we will eventually become minions
29	POSITIVE	Hehe
167	NEGATIVE	FIRE THAT GUY HATING ON A LEGENDÂ§!
535	NEUTRAL	the freezer was a bug in sr2 multiplayer where the game would freeze and a shadow figure would appear on a wall
263	POSITIVE	This chat is my favorite because no one uses xD Kreygasm
281	NEGATIVE	@Im_Vitriol, @xMasterxYodax nerd
498	NEUTRAL	That watch is way too bigg.
375	POSITIVE	sexy-Kappa.gq Kreygasm
380	NEGATIVE	naked sheever DansGame
572	NEUTRAL	@vSkittles98 give me trixin banking
94	POSITIVE	ZULUL
426	NEGATIVE	chats personality is cancerous
1429	NEUTRAL	Time for 10 push ups Nel!!!
577	POSITIVE	Ñ:
393	NEGATIVE	NAVI FANSHITS TRIGGERED LUL
672	NEUTRAL	?????
77	POSITIVE	rofl
500	NEGATIVE	Dicks out for harambe!
1605	NEUTRAL	!ticket 1
412	POSITIVE	slaks lol
413	NEGATIVE	ResidentSleeper START THE MATCH ResidentSleeper
922	NEUTRAL	Proxy what were you saying about etho
196	POSITIVE	Didn't see the boar, hit in, ping, boar 2/4, then Face play LUL
568	NEGATIVE	YouWHY WHY
847	NEUTRAL	how many times he wants to do this joke again?
632	POSITIVE	ban void and enigma...diggity cant do anyrhing xD
550	NEGATIVE	CHAT *** SLOW DOWN
235	NEUTRAL	its like you grew up in america listening to hip hop
376	POSITIVE	D:
368	NEGATIVE	*** MAD LOOKS *** GAY
1636	NEUTRAL	Dad truth!
567	POSITIVE	lul
609	NEGATIVE	WHAT A HORRIBLE IDEA TO ROSH
220	NEUTRAL	chris browns cars tho
122	POSITIVE	Always. ;)
527	NEGATIVE	zack banned mister
669	NEUTRAL	whisper for 6 man ps4 have to have above 1.30
342	POSITIVE	TriHard TriHard TriHard TriHard TriHard TriHard TriHard TriHard TriHard TriHard TriHard TriHard TriHard TriHard TriHard TriHard TriHard TriHard TriHard TriHard TriHard TriHard TriHard TriHard
33	NEGATIVE	7fckngSAD
546	NEUTRAL	score
371	POSITIVE	SAVAGE DAD IS AWESOME EleGiggle
265	NEGATIVE	EU teeth WutFace
1156	NEUTRAL	Nvm lol
49	POSITIVE	Yes i had lots of fun playing 1.01
222	NEGATIVE	*** serbia
595	NEUTRAL	go to 9.5 elixer and than push
413	POSITIVE	nice stream shadowz, but I gotta go. bye stream. <3 <3 <3
266	NEGATIVE	penis strim WutFace
1342	NEUTRAL	I think you get unstoppable instead of invulnerability on Anub. But im not sure
587	POSITIVE	i knew about trissle from when you hosted him a few weeks ago, but i only learned about stubby when this marathon started :P
412	NEGATIVE	SD USE YOUR WHITE NotLikeThis
1480	NEUTRAL	who plays rush anymore?
322	POSITIVE	dat warmup APM though... cohhOMy
85	NEGATIVE	''I hope you die of cancer'' wow.
577	NEUTRAL	0130
580	POSITIVE	7Mad Dreamhack winner ;-)
261	NEGATIVE	Venge BibleThump
536	NEUTRAL	Hey what's up Pug! pugLife
157	POSITIVE	THAT HIGH PITCH VOICE EleGiggle
349	NEGATIVE	embarrasing, jesus christ that was *** bad
1259	NEUTRAL	F7KNG MAD
240	POSITIVE	leahYAY
154	NEGATIVE	Literally worst singles team
1100	NEUTRAL	It's arcslays
97	POSITIVE	I miss you!
77	NEGATIVE	SHUT THE HELL DOWN
911	NEUTRAL	@AdmiralBulldog always knows how to trigger a chat
60	POSITIVE	Harry Parker PogChamp
207	NEGATIVE	FeelsBadMan
176	NEUTRAL	What part of TX do you live in? You don't have to be super specific
9	POSITIVE	@samdadude you can do it, you just have to believe and never give up
555	NEGATIVE	@cerenity3 i have no fucking idea im tired asf
1661	NEUTRAL	@Deees757 I saw his Snapchat too!
606	POSITIVE	she's the best
7	NEGATIVE	Dear virgins, sheever doesn't want your tiny peepee near her TheThing
87	NEUTRAL	SO MUCH
30	POSITIVE	DAT SAVE
242	NEGATIVE	WTF ARE THOSE GLASSES ?
773	NEUTRAL	s1mple in 2016 LUL
251	POSITIVE	What's up swoogs! Pb on hyyyyyype!!!!!!
333	NEGATIVE	7KNGBAD
1260	NEUTRAL	after he gave you 200
439	POSITIVE	XD
356	NEGATIVE	FailFish FailFish FailFish
1681	NEUTRAL	Two things yee should know about the Wizebot ... first ... it is a Bot .. and second it is ....
551	POSITIVE	< EleGiggle /
495	NEGATIVE	Shut up you old *** dick
971	NEUTRAL	PC here. Just got a 380 4GB gpu put in a few weeks ago so I am ready!
338	POSITIVE	Turn 7 Druid has 10mana SeemsGood
557	NEGATIVE	7fuckingbad Kappa
362	NEUTRAL	SYND SAVED SONNEIKO
359	POSITIVE	tommy falling is the best content this stream has ever seen
224	NEGATIVE	fckingbad
135	NEUTRAL	@troydangaming it was me
20	POSITIVE	yeah @flamindude99 FeelsGoodMan
303	NEGATIVE	Porn is for the devil...
995	NEUTRAL	one question? why no black guys play dota?
487	POSITIVE	LMAO
314	NEGATIVE	xMasterxYodax, Im_Vitriol Nerds
1306	NEUTRAL	Kappa//
303	POSITIVE	now THAT is a good casting call, dendi invoker has sucked
310	NEGATIVE	man i cant join danger anymore
1462	NEUTRAL	callmetrio - Hours: 0.4 Hrs - Waffles: 25
72	POSITIVE	so you're right on the money lol
383	NEGATIVE	Durant when u gon a face cam fool
1340	NEUTRAL	hellow
193	POSITIVE	NAVI IS BLACK TriHard
42	NEGATIVE	Wqrthless
1650	NEUTRAL	is he trans?
89	POSITIVE	HeyGuys
72	NEGATIVE	WHO IS THIS NOSE PICKER?
1083	NEUTRAL	I mean 24 months
40	POSITIVE	O-oooooooooo AAAAE-A-A-I-A-U- JO-oooooooooooo AAE-O-A-A-U-U-A- E-eee-ee-eee AAAAE-A-E-I-E-A- JO-ooo-oo-oo-oo EEEEO-A-AAA-AAAA ichiHype O-oooooooooo AAAAE-A-A-I-A-U- JO-oooooooooooo AAE-O-A-A-U-U-A- E-eee-ee-eee AAAAE-A-E-I-E-A- JO-ooo-oo-oo-oo EEEEO-A-AAA-AAAA ichiHype
263	NEGATIVE	im in japamn and its raining too BibleThump
164	NEUTRAL	Harry Potter Incoming
207	POSITIVE	holy shit
196	NEGATIVE	ResidentSleeper YNK FUNNY ResidentSleeper
154	NEUTRAL	CAN SPECTRE START TO FOCUS
570	POSITIVE	Looking good
599	NEGATIVE	nah dendi is ***
656	NEUTRAL	robot im getting used to saving picks
512	POSITIVE	slacks Kreygasm
449	NEGATIVE	whatafuck
788	NEUTRAL	do you mean weaknesses to beams?
421	POSITIVE	SMOrc GOOD PLAY
498	NEGATIVE	WutFace SHEEVERS FOOT WutFace
1296	NEUTRAL	can u show your stats
198	POSITIVE	:DDDD
514	NEGATIVE	never lucky
1442	NEUTRAL	me
597	POSITIVE	guyro SeemsGood
334	NEGATIVE	Show alarm BabyRage
300	NEUTRAL	nerd guy = 7ckingmad
259	POSITIVE	GUYRO EleGiggle
481	NEGATIVE	SwiftRage NEEEEEEERD
867	NEUTRAL	Stash TAB and out. Harder this season only one to go for all the TABS
88	POSITIVE	synderen lol
225	NEGATIVE	SwiftRage LUL
994	NEUTRAL	!gamble 69
166	POSITIVE	Mad man :P
417	NEGATIVE	haha your fucking trausi impersonation
987	NEUTRAL	Man they sure have done a lot to FF1R to make it playable, more than expected
331	POSITIVE	LUL
282	NEGATIVE	:/
95	NEUTRAL	hello
686	POSITIVE	"im rotating" lmfao
258	NEGATIVE	tummy tim FeelsBadMan
1338	NEUTRAL	FREAKING TREES
5	POSITIVE	PETA = PEOPLE EATING TASTY ANIMALS
230	NEGATIVE	streams fuckd
1360	NEUTRAL	ally's a mod
8	POSITIVE	hot boy Kreygasm
508	NEGATIVE	#FEELSBADMAN
140	NEUTRAL	he don care
488	POSITIVE	MEGALUL
525	NEGATIVE	DansGame
863	NEUTRAL	most comunitys are
550	POSITIVE	Ahhh lol
149	NEGATIVE	Who tf is in the discussion besides cdew gorecki and sterge? @Cdewx
111	NEUTRAL	who is this fake HERRY Kappa
358	POSITIVE	dig look so good in this tournament
404	NEGATIVE	BloodTrail PORN DRILL NOW
1374	NEUTRAL	YEA I SAID THAT EARLYIER
55	POSITIVE	Lalalalalalalalalalalalaaaaaaaaaaaaaaaaaaaaaaaa
48	NEGATIVE	fear BibleThump
236	NEUTRAL	CLASSIC NAVI COACH
223	POSITIVE	Okay guys, I'm going for a nap. Great stream see yall :)
462	NEGATIVE	SLACK YOU HAVE BROODMOTHER WEBS ON YOUR LEFT CHEEK WutFace
820	NEUTRAL	Well Luna - he IS playing a combat rogue... cohhLUL
472	POSITIVE	that is pretty cool
136	NEGATIVE	sounds like infected with a bot virus or a rabbit
234	NEUTRAL	moin moin
13	POSITIVE	7king sexy
317	NEGATIVE	NAVI FANSHITS 4Head
950	NEUTRAL	you are a caster harry Kappa
473	POSITIVE	HAIRY PATTER PogChamp
78	NEGATIVE	DONT STREAM LEAGUE EVER PogChamp DONT STREAM LEAGUE EVER PogChamp DONT STREAM LEAGUE EVER PogChamp DONT STREAM LEAGUE EVER PogChamp DONT STREAM LEAGUE EVER PogChamp DONT STREAM LEAGUE EVER PogChamp DONT STREAM LEAGUE EVER PogChamp DONT STREAM LEAGUE EVER PogChamp DONT STREAM LEAGUE EVER PogChamp DONT STREAM LEAGUE EVER PogChamp DONT STREAM LEAGUE EVER PogChamp DONT STREAM LEAGUE EVER PogChamp DONT STREAM LEAGUE EVER PogChamp DONT STREAM LEAGUE EVER PogChamp @Loltyler1
214	NEUTRAL	@VersusTheStream, https://gyazo.com/7af371762f7aaf562c6e9e660d544f46 #Savage
116	POSITIVE	xDDDD
570	NEGATIVE	he didnt turn it off FeelsBadMan
703	NEUTRAL	HARRY ' FUCKINGMAD ' POTTER
351	POSITIVE	His ego is boosted af tho hahaha
104	NEGATIVE	cmonBruh
1175	NEUTRAL	I encountered a lot of garbage Masters
199	POSITIVE	HARRY POTTER ??? PogChamp
274	NEGATIVE	:o
943	NEUTRAL	Maikki123 -> ripewatermelon has been granted permission to post a link for 60 seconds.
479	POSITIVE	10 games wins streak u know :D
432	NEGATIVE	What the fuck are these mods doing? The whole chat is being spammed and absolutely nothign is being done about it. This is the worst fucking stream I have ever watched. I wonder why any fucking retard would purchase a subscription to this shit hole. This message will probably be drowned out by the circlejerk going on in chat. Fuck you, you fucking spammers. You ruined my fucking day .
1546	NEUTRAL	the sausage party is an inch long
638	POSITIVE	lol !!!!
590	NEGATIVE	Fire Slacks Please FailFish
779	NEUTRAL	recon should be think*
206	POSITIVE	AWESOME!
355	NEGATIVE	Sheever is 187cm ... DansGame
872	NEUTRAL	Time to the next Map start?
277	POSITIVE	EleGiggle gachiGASM
24	NEGATIVE	,"i was lookin at my chat fuckin" Kappa
615	NEUTRAL	its a shame that Nintendo patched out multicape, I mean Carl only recently invented the tech and we didn't even have time to apply it to our own levels. Kappa
125	POSITIVE	lmao*
208	NEGATIVE	I just have the annoying 16s left
1364	NEUTRAL	!song
70	POSITIVE	she already stolen EleGiggle
343	NEGATIVE	SourPls
1310	NEUTRAL	So Hiwa, out of 10. What are your first impressions of Aerosoft AGP?
249	POSITIVE	great curve m8
64	NEGATIVE	holandsko? WW3?
1506	NEUTRAL	Jason blundell confirmed that the original staffs will be returning
492	POSITIVE	lel
340	NEGATIVE	FuckingBad
1020	NEUTRAL	Nice?
566	POSITIVE	@XxSteph123 yeah thanks anyway :)
46	NEGATIVE	and i hear u die
493	NEUTRAL	Navi is Black
435	POSITIVE	good night =)
38	NEGATIVE	BURN IT DOWN!!!!
625	NEUTRAL	it's a wall of Psychic energy
7	POSITIVE	Kreygasm thank GOD
374	NEGATIVE	I feel like Navi just sucks Kappa
1244	NEUTRAL	you knew it
242	POSITIVE	Ah damn, dc'd sorry m8
389	NEGATIVE	@brendanoriginal you fuckin noob shut up and someone tell me best class for kill r1
1624	NEUTRAL	im going to buy Madden 17
667	POSITIVE	hehe :3
234	NEGATIVE	who the *** is that
361	NEUTRAL	because a phobia is defined as an irrational fear
131	POSITIVE	MALYGOS COSPLAY 4Head
542	NEGATIVE	and they nerfed the *** out of my honey holes
1688	NEUTRAL	Harry Doter
247	POSITIVE	Really loved that they put timed mythic + cms in legion.
319	NEGATIVE	@binadanschmuck no this was worse, round 4 i couldn't play it was that bad
673	NEUTRAL	@Nophera just changed it 10 mins ago otaPoint
294	POSITIVE	LOL
489	NEGATIVE	reynadW reynadTS reynadW reynadTS reynadW reynadTS reynadW reynadW reynadTS reynadW reynadTS reynadW reynadTS reynadW reynadTS reynadW reynadTS
239	NEUTRAL	#DistSquad is learning lots m8
56	POSITIVE	SLACKS SOOOO FUNNY :D
497	NEGATIVE	wut*
514	NEUTRAL	after waves 30 onward plz dont
231	POSITIVE	that focus tho :3
44	NEGATIVE	WutFace CORGI WHAT ARE YOU DOIN WutFace
737	NEUTRAL	i said banana
418	POSITIVE	One Shotted EleGiggle
276	NEGATIVE	gg :(
621	NEUTRAL	smaller
211	POSITIVE	7mad so FUCKIN HOT *o*
231	NEGATIVE	DansgAme Kappa
1408	NEUTRAL	Lidia is in this one...
19	POSITIVE	discord <3
428	NEGATIVE	NAVI LOW SUCK !!! NAVI LOVE SUCK !!!
375	NEUTRAL	GUY RO
24	POSITIVE	Okay thank you very much
279	NEGATIVE	:<
1541	NEUTRAL	T was a close one
640	POSITIVE	FuckinBad PogChamp PogChamp
533	NEGATIVE	kick artstyle
128	NEUTRAL	Is the open beta out at midnight?
653	POSITIVE	LMFAO
259	NEGATIVE	DansGame \//\
1049	NEUTRAL	They tried to do the same with Obsidian.
486	POSITIVE	what is that, looks yummi KappaPride
34	NEGATIVE	VEGAN OPTIONS WutFace
487	NEUTRAL	kolento made it work briefly
443	POSITIVE	SHEEVER U SO HOT
571	NEGATIVE	FailFish
647	NEUTRAL	its unawakened roaq
441	POSITIVE	@Pcmman that's a great point, other me Kappa
521	NEGATIVE	The asymmetry of these guns.. NotLikeThis
1564	NEUTRAL	do you stream on the weekends?
629	POSITIVE	Love You
241	NEGATIVE	OMG! Frisky is going to lose him mind!!
1268	NEUTRAL	CALL GG!
352	POSITIVE	Harry Potter EleGiggle
446	NEGATIVE	WHAT A FREAKING BAD IDEA NotLikeThus
1274	NEUTRAL	i have 0 golds
328	POSITIVE	@DanameisNero, you love me
210	NEGATIVE	Scamaz
1106	NEUTRAL	MAGIC FINGERSSS Kreygasm
280	POSITIVE	SINGSING IS MORE PRO THAN SYNDEREN 4Head
335	NEGATIVE	SMOrc SMOrc SMOrc SMOrc SMOrc SMOrc SMOrc SMOrc SMOrc SMOrc SMOrc SMOrc SMOrc SMOrc SMOrc SMOrc SMOrc SMOrc SMOrc
257	NEUTRAL	When did you get the new emotes, havent been here in a while
697	POSITIVE	THAT WAS SO SICK
548	NEGATIVE	CALL BLASTER HE'S CRYING BibleThump CALL BLASTER HE'S CRYING BibleThump CALL BLASTER HE'S CRYING BibleThump CALL BLASTER HE'S CRYING BibleThump CALL BLASTER HE'S CRYING BibleThump CALL BLASTER HE'S CRYING BibleThump CALL BLASTER HE'S CRYING BibleThump CALL BLASTER HE'S CRYING BibleThump
848	NEUTRAL	Follow Mali EVERYWHERE | Twitter ---> twitter.com/Mali_Games | Instagram ---> instagram.com/mali_games | Patreon ---> patreon.com/Maliveth | Tumblr ---> tumblr.com/blog/maligames
455	POSITIVE	you are so beautiful
540	NEGATIVE	!card malevolent wh
12	NEUTRAL	he can open the closets just so you know
569	POSITIVE	Victory!!
172	NEGATIVE	who the *** are you
1489	NEUTRAL	With Delicious Intent OSKomodo
507	POSITIVE	navi fanboys 4Head
544	NEGATIVE	sexy-Kappa.gq SwiftRage
1269	NEUTRAL	jago can punish all version of the cold shoulder on block with a normal heavy dp
399	POSITIVE	Milf OSfrog
480	NEGATIVE	SHEEVER UR GRILL ? DansGame
1003	NEUTRAL	@JulesXII that was your second rage haha
636	POSITIVE	SHEEVER Kreygasm
190	NEGATIVE	Gnisht, #fam. I'm already sad.
785	NEUTRAL	so this logitech giveaway still gonna happen or?
320	POSITIVE	Adept bow = best bow
161	NEGATIVE	i hate gief
472	NEUTRAL	Actually nvm
565	POSITIVE	@Sublime777 <3
382	NEGATIVE	Lag
364	NEUTRAL	rip loin cloth
549	POSITIVE	fat jinx Kreygasm
283	NEGATIVE	Julienco ist so ein hurensohn
998	NEUTRAL	they all left
150	POSITIVE	LOOOOOOOL
361	NEGATIVE	What the fuck are these mods doing? The whole chat is being spammed and absolutely nothign is being done about it. This is the worst fucking stream I have ever watched. I wonder why any fucking retard would purchase a subscription to this shit hole. This message will probably be drowned out by the circlejerk going on in chat. Fuck you, you fucking spammers. You ruined my fucking day
1152	NEUTRAL	Comes from snoop dogg
127	POSITIVE	super good mod for khajiit
346	NEGATIVE	Women can buy dick to piss while standing
1647	NEUTRAL	smoken putting his sweat pants on?
408	POSITIVE	HoN eating the dota scene :D finally happening
471	NEGATIVE	NotLikeThis WHY HE SOUNDS MORE WOMAN THAN SHEEVER NotLikeThis
626	NEUTRAL	I SEEM TO HAVE DOOMED MYSELF Kappa
493	POSITIVE	What a comeback SeemsGood PogChamp
184	NEGATIVE	-.-
776	NEUTRAL	!defuse blue
85	POSITIVE	I woke up a while ago to that new trial boss beat him with my left eye closed while in bed LUL
407	NEGATIVE	LIVING SHITSTAIN OSfrog
1423	NEUTRAL	only against the rules for competing
468	POSITIVE	Thanks for asking been here all day
155	NEGATIVE	why do people think that excessively spamming pinging helps
1089	NEUTRAL	i identify as a slice of bacon
326	POSITIVE	Those hands ar pretty af
419	NEGATIVE	fired FailFish
1673	NEUTRAL	Reavth, lookin to show up that rogue? docCreep
403	POSITIVE	RAP GOD PogChamp
582	NEGATIVE	NAVI IS SO BAD
289	NEUTRAL	@Sumta, I've been coming and going from my computer. Is there a claim word set for your currency raffles?
434	POSITIVE	admiralW <3 PMSTwin
49	NEGATIVE	TRAP
769	NEUTRAL	Chewie and his highly inept security guards request some downtime, have a heart and let them rest will ya?
475	POSITIVE	Hello i'm from P.E.T.A = People Eating Tasty Animals and i approve this place Kappa
441	NEGATIVE	who the *** is this autist
392	NEUTRAL	I went with a higher number
535	POSITIVE	hahaha I haven't been able to find higher paying clients.
594	NEGATIVE	Dendi is trash 4Head
1616	NEUTRAL	can you hear me???
339	POSITIVE	Guess what the. Girl is beautiful
554	NEGATIVE	NotLikeThis wer bist du und was hast du mit Anna gemacht forsenX WutFace wo ist meine strahlende Sonne am Abendhimmel hin DansGame
1343	NEUTRAL	It's EYE-dos.
243	POSITIVE	Holy *** that hand
546	NEGATIVE	SMOrc miss 5 SMOrc
1256	NEUTRAL	dendi been playing poor invoker alot
175	POSITIVE	@briarrabbit home sweet home. Time to kick my feet up n relax and enjoy the rabbit hole entertainment
296	NEGATIVE	FIRE THAT GUY
623	NEUTRAL	7ckmad
197	POSITIVE	MAGIC FINGERS Kreygasm
433	NEGATIVE	I just roasted my chair with my ***
1493	NEUTRAL	What's the crew name??
194	POSITIVE	Taric God demaissssss
347	NEGATIVE	why is my stream video lacking?
1383	NEUTRAL	aydRip i am going out of town for 10 days on saturday CypheR_TheGod
192	POSITIVE	dog EleGiggle
360	NEGATIVE	that was not a 4 hour nap u liar
865	NEUTRAL	+rep awesome Guy And Nice Cashout
420	POSITIVE	Dongerino PogChamp
27	NEGATIVE	sheever no tit
1271	NEUTRAL	Neg where did you copy all that from?
644	POSITIVE	PRODUCTION VALUE PogChamp
381	NEGATIVE	***
85	NEUTRAL	english and dwarvish from lotr Kappa
44	POSITIVE	KappaPride LUL
168	NEGATIVE	@masters1004, Looks like you will have to drink your own pee
1016	NEUTRAL	IT's a cruise control? or is it an electrical throttle body?
469	POSITIVE	WIGGLE WIGGLE WIGGLE WIGGLE WIGGLE YEAH
90	NEGATIVE	so badddd
1597	NEUTRAL	how far are u from 10k
66	POSITIVE	DARUDE SANDSTORM
54	NEGATIVE	that feel when you can't bait FeelsBadMan
1386	NEUTRAL	MAGIC
250	POSITIVE	haha
123	NEGATIVE	NAVI = DOGSHIT
1572	NEUTRAL	thats why WG implements even more nations like SWE :)
315	POSITIVE	2 hon players destroy masters of dota 2 :D
395	NEGATIVE	Spam deleted. This is a bot. (igcsa) (warning)
584	NEUTRAL	Stream musical !!
50	POSITIVE	hehe
83	NEGATIVE	sad bullshit LUL
131	NEUTRAL	Who is she playing with?
563	POSITIVE	Man these character models are insanely good
14	NEGATIVE	and fucking op
17	NEUTRAL	Try parrying the pink orbs @elajjaz
73	POSITIVE	just play for fun, nobody wants to pay me lol
483	NEGATIVE	LUL he actually tried it 4Head
1485	NEUTRAL	WHATS THE ADDRESS
415	POSITIVE	ez lul.
134	NEGATIVE	FUCKINGAY
1503	NEUTRAL	The freezer not the Cooler
464	POSITIVE	Sheever a mom PogChamp ?
233	NEGATIVE	WHY DIG LOST = 1/ ERA IS *** LUL
1475	NEUTRAL	Puppey block ? more like Artstyle block
484	POSITIVE	klack klack klack xD
538	NEGATIVE	@Admiralbulldog stop being jealous DansGame
242	NEUTRAL	I would be 0-6 in any game of search cmonBruh OpieOP
39	POSITIVE	YOU ARE A MIRACLE, HARRY 4Head
113	NEGATIVE	boring AF
741	NEUTRAL	welp
694	POSITIVE	I love inferno but I always get bad matches on it. I can't carry hard enough on it.
506	NEGATIVE	ðŸ˜§ðŸ˜§ðŸ˜§ðŸ˜§ðŸ˜§ðŸ˜§ðŸ˜§
570	NEUTRAL	But, my favorite pokemon is here o3o
392	POSITIVE	anniLOVE anniLOVE anniLOVE anniLOVE anniLOVE
309	NEGATIVE	Also this guy is a racist
964	NEUTRAL	he would have got asrtaled and died
293	POSITIVE	he looks so peaceful <3 <3 <3
53	NEGATIVE	dramatical murder BigBrother
425	NEUTRAL	how many ranks are there
113	POSITIVE	SoBayed SoBayed SoBayed SoBayed
528	NEGATIVE	I hate teams that try to keep their "secrets" and shit... like I want good games.
1554	NEUTRAL	I just got one of your books, the timer at the bottom is when it comes out ? @problem_wright
106	POSITIVE	:"D
28	NEGATIVE	FIRED SwiftRage
635	NEUTRAL	FIRED SHOTS HAVE BEEN
596	POSITIVE	@admiralbulldog Kreygasm
406	NEGATIVE	You camper scrub Kappa
1273	NEUTRAL	It makes me do the df.hp move instead when he cross ups
665	POSITIVE	OpieOP save some for chat
229	NEGATIVE	its just synderen's fault 4Hed
691	NEUTRAL	HARAMBE IS THAT YOU
463	POSITIVE	DO IT
445	NEGATIVE	might as well go for the shittest experience
805	NEUTRAL	Is that high enough to gain praise from Raekki Kappa
518	POSITIVE	7CKNGHOT Kreygasm
465	NEGATIVE	NotLikeThis FailFish
240	NEUTRAL	derarmekayderpleitewar [Prestige 1 (Schreiner)] - Hours: 0,6 Hrs - Divinium: 7
496	POSITIVE	KappaPride 7CKING BEAUTIFUL KappaPride
37	NEGATIVE	^^^^ Nc.
485	NEUTRAL	hi mate
104	POSITIVE	LOL No
63	NEGATIVE	report trynd please
618	NEUTRAL	OpieOP
319	POSITIVE	"beautiful"
60	NEGATIVE	WTF WITH SLAKSES FACE
996	NEUTRAL	13 min or 3min?
195	POSITIVE	jesus Blueberry. i'm coming back and you talking about drugs xDDD
418	NEGATIVE	DICKS OUT FOR HARAMBE
118	NEUTRAL	Elufson, Current song in the pleblist: youtu.be/bjPqsDU0j2I - Electric Light Orchestra - Mr Blue Sky Song history: https://forsen.tv/pleblist/history/
137	POSITIVE	@sk3669 XD
218	NEGATIVE	well done spectre, you got synd... Nice...
1488	NEUTRAL	soooo much
236	POSITIVE	Alright guys I gotta go now bye chris :D
567	NEGATIVE	REVERSED PICK NotLikeThis
829	NEUTRAL	egg thats only me
501	POSITIVE	elaBlind LUL
604	NEGATIVE	French WutFace
423	NEUTRAL	we need sir action STAT
588	POSITIVE	Kreygasm SO HANDSOME Kreygasm
392	NEGATIVE	why the fuck did I pause the stream, like it's a youtube video... FailFish
16	NEUTRAL	you got this naive! just dive in and it will be over before you know it
448	POSITIVE	When i was testing AB against Voll's, i used vaal ice nova on him first time, and he died :p rip dream
595	NEGATIVE	WutFace WutFace WutFace WutFace
1557	NEUTRAL	next level captaining
245	POSITIVE	4head
477	NEGATIVE	@lordsakujo between terrible and terrible u mean
336	NEUTRAL	Hello everyone
674	POSITIVE	yea xD
591	NEGATIVE	whos the douche bag i truck
120	NEUTRAL	Graphics in panels and introduction screen made by PJChattyMan, contact him for details on graphic design work.
627	POSITIVE	ty
221	NEGATIVE	twitch hoe
1431	NEUTRAL	doesnt use his 17 sticks
224	POSITIVE	wow i'm bronze and even i saw that coming
438	NEGATIVE	SwiftRage use blue skill
1703	NEUTRAL	PUTIN POTER PogChamp
630	POSITIVE	yeah it was a really sick back door
52	NEGATIVE	I have to play bf4 for the time being :(
622	NEUTRAL	taroz94 has 1582 feathers, and 56.2 Hrs total!
424	POSITIVE	navi doesn't have fanboys EleGiggle
378	NEGATIVE	omg even i knew better not to go for that rosh.. there was a forge there just then
629	NEUTRAL	!revive lifewithsmiles29
87	POSITIVE	ArtStyle 4Head
561	NEGATIVE	SHEEVER IS A TRAP Kappa
1421	NEUTRAL	Y did u spin to left GG
471	POSITIVE	Sheever Kreygasm Slacks CoolCat
448	NEGATIVE	boosted Kreepo
823	NEUTRAL	@DreamLeague, can you ask Mad to pick hos nose?
499	POSITIVE	ember pls :) ember pls :) ember pls :) ember pls :) ember pls :) ember pls :) ember pls :) ember pls :) ember pls :) ember pls :)
339	NEGATIVE	lag
588	NEUTRAL	who won???
155	POSITIVE	MONTAGE HYPE
402	NEGATIVE	how is it to be retarded in a good way Keepo ?
134	NEUTRAL	I haven't played star wars since February
86	POSITIVE	Gg Anthony
146	NEGATIVE	Picks and Bans ResidentSleeper
403	NEUTRAL	cut down the fat u dont need
417	POSITIVE	SHEEVER so hott jesus
601	NEGATIVE	Gayro
601	NEUTRAL	The cops are patrolling the area, it is better to wait for a bit! Cooldown: 3 minutes 29 seconds.
615	POSITIVE	THE REAL SoBayed
415	NEGATIVE	@federico5454_ see how that works. You ask for mod the. Turn around and tell me to shut up. Now that's not nice.
65	NEUTRAL	Nerf moeda pls
524	POSITIVE	Same :) Even with some hiccups, thats part of beta
199	NEGATIVE	Triggered
1129	NEUTRAL	!quest
139	POSITIVE	US OP 4Head
86	NEGATIVE	i hate spicy food
278	NEUTRAL	SHOTS PJsalt
586	POSITIVE	WHAT A HANDSOME NERD KappaPride Kreygasm
91	NEGATIVE	7MAD SAY IT SYNDEREN IS BAD
733	NEUTRAL	she looks chinese
618	POSITIVE	@Megasnoop, I got my first phone yesterday! :D
8	NEGATIVE	thys harry potter is stupid
1027	NEUTRAL	Hi
182	POSITIVE	@REASTEN give me mod im all time hear <3
473	NEGATIVE	ResidentSleeper
1515	NEUTRAL	I watched day of the triffids age 5-7 and cried underneath our piano
187	POSITIVE	PogChamp PogChamp PogChamp PogChamp PogChamp PogChamp PogChamp PogChamp PogChamp PogChamp PogChamp PogChamp PogChamp PogChamp PogChamp PogChamp PogChamp PogChamp PogChamp PogChamp PogChamp PogChamp PogChamp PogChamp PogChamp PogChamp PogChamp PogChamp PogChamp PogChamp PogChamp PogChamp PogChamp PogChamp PogChamp PogChamp PogChamp PogChamp PogChamp
494	NEGATIVE	mistakes were made
100	NEUTRAL	Try a jet sweep with your fastest wr!!
546	POSITIVE	SPANKED Kreygasm
135	NEGATIVE	REDDIT SUCK MY NIPS
1329	NEUTRAL	I just left that one
10	POSITIVE	NO we love you MOOOON :"(
491	NEGATIVE	Damn well thats my *** Taco Bell
916	NEUTRAL	that was obvious
261	POSITIVE	i love you doggo :)
322	NEGATIVE	*** YOU
88	NEUTRAL	"Swain carry"
394	POSITIVE	Street fighter sounds good DJ mm1Owe mm1Bos
452	NEGATIVE	Who is that pleb
302	NEUTRAL	ULT A CREEP
109	POSITIVE	qtpLUL
236	NEGATIVE	WutFace WutFace WutFace
1561	NEUTRAL	Gotta go fast
238	POSITIVE	P PogChamp G G E R SP PogChamp G G E R S
192	NEGATIVE	Abort WutFace
1000	NEUTRAL	No
21	POSITIVE	schokoHey schokoHey
457	NEGATIVE	@Nonoobspleasy Why arty suck? I killed 2 kv-8 in one time with it
756	NEUTRAL	@SirDouchiebagie, it's to keep the body from rejecting the metal mechanics that keep augs' bodies from failing
333	POSITIVE	ERA INVOKER Kreygasm
211	NEGATIVE	that t30 goes full retard then blames everyone elese LUL
1348	NEUTRAL	What is your porn name ?
51	POSITIVE	You guys are awesome!
215	NEGATIVE	IMMA HATE U
599	NEUTRAL	Soulinger, almost accurate cohhK
429	POSITIVE	Ty
23	NEGATIVE	Many OSsloth
1013	NEUTRAL	Prime pls Kappa
520	POSITIVE	lololol
589	NEGATIVE	@sanguinaryofficial @mfjeldheim Really?? 1 day is like %3? Okay that is so dumb now. I dont know the university but in highschool Turkey, We could have had 30-40 days off if you give a report
1028	NEUTRAL	Added "Noir DÃ©sir - Marlene" to the playlist
79	POSITIVE	so smart
5	NEGATIVE	Oh no its Hansmeiser guys WutFace
1036	NEUTRAL	mewtwo defense and special defense are equal, so physical or special attacks should work eqwually
583	POSITIVE	Best block Kreygasm
115	NEGATIVE	then if I block them niqqas they be in park following me and shi lmao
1544	NEUTRAL	????????????????????????????????????????
205	POSITIVE	SoBayed SoBayed SoBayed SoBayed SoBayed SoBayed
444	NEGATIVE	YouWHY NAVI
674	NEUTRAL	Thats a big mistake kappa
369	POSITIVE	AND YOU THOUGHT NA`VI WAS BACK SoBayed
400	NEGATIVE	well, now everything is bad
1684	NEUTRAL	Take care everyone retroHEY
159	POSITIVE	What are good mics for Twitch streams.I only like Ron because he provides me SPLOOGE!!
421	NEGATIVE	DOTA IS UGLY LEAGUE OF LEGENDSSSSS!!!
532	NEUTRAL	I want to see you do this with only rare pets on everyone ;)
112	POSITIVE	hhahahaha
490	NEGATIVE	so cold hearted she can out bachelor herself Kappa
1369	NEUTRAL	I got my code for Xbox 1 today at 2am
202	POSITIVE	@Flyinkangroo, Love you too man <3
297	NEGATIVE	NAVI FANSHIT BrokeBack THINKING THEIR TIER 3 TEAM STILL RELEVANT IN 2016 BrokeBack
404	NEUTRAL	skripted ^^
699	POSITIVE	HAHAHAHAHAHA
133	NEGATIVE	Hey mewn, can you shut up a bit, I'm trying to listen to that lovely alarm.
160	NEUTRAL	bastionSalt
502	POSITIVE	SyndereN EleGiggle
82	NEGATIVE	stfu *** monkey
500	NEUTRAL	impossible
346	POSITIVE	wrecked :D
25	NEGATIVE	LIVING DendiFace TRASH DendiFace
431	NEUTRAL	im pretty sure that song is 3mins long but oh well
368	POSITIVE	BREAK Xd
248	NEGATIVE	FRENCH ACCENT WutFace
1092	NEUTRAL	morning Rakunvar
133	POSITIVE	dun dunnn dunnnnnnnnn
460	NEGATIVE	FAKE DansGame danSgame
1472	NEUTRAL	Kapppa
650	POSITIVE	WTF DOTA NECKLACE PogChamp
478	NEGATIVE	Homo Dick
1325	NEUTRAL	yea
184	POSITIVE	colors:D
336	NEGATIVE	dats a dick
1094	NEUTRAL	I WAS CONFIRMING WHAT YOU WROTE KUSHU
571	POSITIVE	khezzu stepping up his dark seer game
270	NEGATIVE	Hey @isaacyyy hope your day is better than mine
465	NEUTRAL	Will the beta be available to all tommorow?
509	POSITIVE	SLACKS INSIGHTERINO Kreygasm
513	NEGATIVE	SLACKS DansGame
903	NEUTRAL	the icons bottom left
115	POSITIVE	SLAKS Kreygasm
541	NEGATIVE	no alarm mewn.
1063	NEUTRAL	navi
466	POSITIVE	(=^-Ï‰-^=)//
437	NEGATIVE	BibleThump BibleThump BibleThump BibleThump BibleThump BibleThump
683	NEUTRAL	Want some cool perks in the stream and on my YouTube channel? Check out my Patreon page! http://www.patreon.com/LoZelda
628	POSITIVE	SeemsGood
598	NEGATIVE	sad tree
1093	NEUTRAL	CARRY POTTER
363	POSITIVE	FATA best invoker EU
357	NEGATIVE	@tabzastoria SAYY MORE LIKE Gaayy
1045	NEUTRAL	hi man
82	POSITIVE	QTP is a great player who knows how to have fun and not salt like most players
425	NEGATIVE	HE'S IN THE *** WutFace
1633	NEUTRAL	!tickets 50
584	POSITIVE	danTroll I love you guys so much, happy PUNday danLove ðŸ˜»
615	NEGATIVE	They are so cheap and stupid. Their not even scary
750	NEUTRAL	FANCY ARMY !!!!!
659	POSITIVE	Yo whatup HeyGuys
50	NEGATIVE	what the hell is the command to donate
1153	NEUTRAL	i bet navi will ban void and enigma or Diggity take void on the first pick
271	POSITIVE	look at that profile view. gawd i love chairs.
193	NEGATIVE	FuckingBad SoBayed
1200	NEUTRAL	Added "Put A Ring On Ryan" to the playlist
291	POSITIVE	danTroll danTroll danTroll
290	NEGATIVE	SLACKS NotLikeThis
1551	NEUTRAL	ron are you on PC?
160	POSITIVE	JUST CHILLING 4Head
124	NEGATIVE	Asians are ugly.... Dumb chinks
589	NEUTRAL	but I believe twitchrp uses all the eco mods
310	POSITIVE	A - GOD Kreygasm 4Head
456	NEGATIVE	Rust with cars would be terrible
1203	NEUTRAL	USE YOUR RED
183	POSITIVE	no rise of the machines will be the best raid ever
108	NEGATIVE	i work in dc so i cant avoid it. i hate going when i dont have to work
932	NEUTRAL	@blacrob29 the only one not on his channel is mike 1. proofs there so dont talk trash if you dont look at proof
208	POSITIVE	Kreygasm
351	NEGATIVE	its a feeding frenzy out there
1517	NEUTRAL	I mean how
661	POSITIVE	Flash R PogChamp
469	NEGATIVE	RiP headphones
1445	NEUTRAL	RIP @unlink2 - He melted in front of our eyes.
386	POSITIVE	loooool
434	NEGATIVE	Damn Benny that was Savage
1288	NEUTRAL	!8ball will bri stop humping a dead bear
431	POSITIVE	+rep sent my items first :3
439	NEGATIVE	NICE FUCKING MONOLOGUE, I DONT REMEMBER ONE WORD EleGiggle
508	NEUTRAL	FACE CAM
65	POSITIVE	NICE TORNADO
102	NEGATIVE	@Himiwako Biggest whore ever nice implants but *** no
1158	NEUTRAL	haha I drink pg tips. Earl grey is much more like what I discovered Americans class as tea.
48	POSITIVE	PogChamp / AMPTropPunch LOOK AT THESE STACKED CANS PogChamp / AMPTropPunch LOOK AT THESE STACKED CANS PogChamp / AMPTropPunch LOOK AT THESE STACKED CANS
1	NEGATIVE	cant hear shit
975	NEUTRAL	MODS IN 2016 LUL
152	POSITIVE	Wow
603	NEGATIVE	is it just me or does vol seem low
42	NEUTRAL	shorts
330	POSITIVE	shiver is hot!
592	NEGATIVE	i dont like the noises dva's mech makes @.@
1033	NEUTRAL	Harry Potter PogChamp
355	POSITIVE	GL
510	NEGATIVE	NotLikeThis Stevie pick up your twitch whoring game Kappa
787	NEUTRAL	Greek.
450	POSITIVE	WOWOWOWOWO
4	NEGATIVE	ANTI MAGE CARREGADOO SwiftRage
249	NEUTRAL	Monstrum!
230	POSITIVE	Thanks
369	NEGATIVE	@Reggaza12, hell no, u stupid?
372	NEUTRAL	so he didnt invite every one
523	POSITIVE	FOCUS!
9	NEGATIVE	get banned
695	NEUTRAL	Even i could beat this guy
258	POSITIVE	@RoseBell69 arent thos ethings the most important things in life PogChamp
273	NEGATIVE	RON SO FAT
294	NEUTRAL	bingShrug wanna watch something, Bubu?
481	POSITIVE	ezzzzy :)
95	NEGATIVE	RIP Headphone users
846	NEUTRAL	When did you start playing rocket league?
626	POSITIVE	true but yours it hosted by one of my favourite streamers thus you must be a awsome streamer also
593	NEGATIVE	LOL Reno decks FailFish Look at all that synergy
430	NEUTRAL	All good thanks. My brain just frazzled
422	POSITIVE	woooo
238	NEGATIVE	Im not FeelsBadMan
37	NEUTRAL	@leponzov2 you sure? Kappa
676	POSITIVE	UK did good in Athletics too
307	NEGATIVE	wtf is going on in the world that could cause this
1579	NEUTRAL	GIYRO
2	POSITIVE	@spliced117 <3 <3 <3 <3 <3
98	NEGATIVE	U ARE SUPPOSED TO TAKE TRAIN ON 9 3/4 FailFish
1542	NEUTRAL	Connected
246	POSITIVE	sub-human or post-human? Kappa
394	NEGATIVE	isnt it always nick being embarrasing stream?
992	NEUTRAL	see that you need to pay rent Kappa for real welcome back missed your streams
253	POSITIVE	archer with token SeemsGood
348	NEGATIVE	bot
969	NEUTRAL	someone give me 23k ? i want 1m again
529	POSITIVE	I can't wait till you may me2 FeelsBirthdayMan
517	NEGATIVE	BibleThump BibleThump BibleThump
52	NEUTRAL	play soloq @imls
17	POSITIVE	still could be good though :)
3	NEGATIVE	@Admiralbulldog DansGame
1035	NEUTRAL	Tyler1 is playin h1
426	POSITIVE	EleGiggle
200	NEGATIVE	LAG
1456	NEUTRAL	Hi cohhHi
100	POSITIVE	Wb monsti :D
55	NEGATIVE	@AdmiralBulldog, JEALOUS DansGame
353	NEUTRAL	Who win?
598	POSITIVE	@eliteninja24 you misses it, yesterday I actually played really well!! I shot grump on sniper and I never shot anyone
31	NEGATIVE	damn, playing on xbox one DansGame
1347	NEUTRAL	i actually learned the first stage of that
561	POSITIVE	Nice ult
553	NEGATIVE	NotLikeThis
753	NEUTRAL	@AdmiralBulldog so when is egm getting kicked so 7mad can rejoin UncleNox ??
396	POSITIVE	A-GOD Kreygasm
170	NEGATIVE	BO3 pubs is aids
641	NEUTRAL	Guld Nova Mester
537	POSITIVE	StinkyCheese
485	NEGATIVE	sheever sad
1618	NEUTRAL	Is vape nation still going on?
444	POSITIVE	LÃ¼lÃ¼lÃ¼lÃ¼lÃ¼
531	NEGATIVE	Dirty old man bald head
369	NEUTRAL	you gonna do anything with viewers today?
651	POSITIVE	Oh nice find!
318	NEGATIVE	im so behind with this character deadlyBanjoMan
207	NEUTRAL	@Herdyn Case Opening!Case Opening!Case Opening!Case Opening!Case Opening!Case Opening!Case Opening!Case Opening!Case Opening!Case Opening!Case Opening!
595	POSITIVE	SoBayed SoBayed SoBayed
364	NEGATIVE	MOM BabyRage
281	NEUTRAL	HARRY POTTER PogChamp
349	POSITIVE	LOL HAHAHAHAHAAHAHAHAHAHHAHAHAHAHA
252	NEGATIVE	@nopunchespulled debatable if the rewards are worth it FeelsBadMan
80	NEUTRAL	Gang beasts
528	POSITIVE	Fireball lul q lixo
414	NEGATIVE	U lazy Tina
1576	NEUTRAL	I can draw sweet stick figure battles though
274	POSITIVE	Thx @thepokerdevil ;)
586	NEGATIVE	dota 2 anal - fist
1284	NEUTRAL	HARRY POTTER!
506	POSITIVE	POWER RANGERS PogChamp
518	NEGATIVE	Nani hats you nani hates you nani hates yÃ¶u
178	NEUTRAL	good to know @Bigarnold14 ....
683	POSITIVE	trusted him this is nice trader nice buyer 1000000 % trusted prson
139	NEGATIVE	(puke) *** FRENCH PEOPLE (puke)
156	NEUTRAL	Good evening everyone
309	POSITIVE	:)
74	NEGATIVE	< FailFish
1622	NEUTRAL	Hey guys, you can support the channel and subscribe right here https://secure.twitch.tv/products/nightblue3/ticket . Subscribing gives you a lot of benefits ! (50 cool emotes , allows you to talk in Submode and much more)
129	POSITIVE	jep :)
371	NEGATIVE	WARNING ItsBoshyTime ItsBoshyTime ItsBoshyTime Please make sure your headphones are at a sensible level because Paris does scream loud. You have been warned! BloodTrail
1117	NEUTRAL	Drop
256	POSITIVE	PogChamp LUL
178	NEGATIVE	thats why you cast *** monkey
563	NEUTRAL	Harambe is gonna chase him across the map
162	POSITIVE	300 damage Kreygasm
442	NEGATIVE	goodbye sheever BibleThump
651	NEUTRAL	I'm a pimp Kappa
123	POSITIVE	oh so excited
399	NEGATIVE	Don't go to Lithuania, It's pretty awful. Kappa
428	NEUTRAL	Well to sum it up Swat 4 is a mixture of the recent DoorKickers and Rainbow Six.
519	POSITIVE	You are very good player of this game :D
112	NEGATIVE	focus on dirty sneakers DansGame
142	NEUTRAL	no right click?
235	POSITIVE	whole lotta love :)
160	NEGATIVE	:/ this strimer looks very white :/
598	NEUTRAL	dendi invoker
373	POSITIVE	DONDO IS BEST
377	NEGATIVE	fired
1161	NEUTRAL	why u come outt
304	POSITIVE	anniCUTE
162	NEGATIVE	yeah my only complain about submode is that i can't communicate because of random idiots
658	NEUTRAL	HARAMBE Died for our SINS
228	POSITIVE	SLACKS Kreygasm
467	NEGATIVE	penis WutFace
986	NEUTRAL	Production value PogChamp
80	POSITIVE	Synderen 4Head
365	NEGATIVE	HARRY POTTER BECOMES DOTA 2 ANALYST WutFace
1169	NEUTRAL	Heading out for work. Thank you for today @syntaxse7en - I've missed 'this'. I'm back, not going away again, promise. Chat - thanks for today, keeping a smile on my face. Apologies if I was bit crazy in the raid earlier, just happy to be back. Hope everyone has a great Monday. Much love, speak soon :) syn7LOVE syn7LOVE syn7LOVE
631	POSITIVE	Hey-! I'm italian guys, we have the best food ever xD
401	NEGATIVE	Harry the Potter Kappa WutFace
603	NEUTRAL	@trausi whats up
6	POSITIVE	thanks :)
605	NEGATIVE	wow what shitty hitmen
223	NEUTRAL	Type !ticket [x] to enter, where "x" is the number of tickets.
660	POSITIVE	I have the pictures message me if you wanna see PogChamp PogChamp PogChamp
587	NEGATIVE	Why can't you prevent slimes from running away. Not fair :(
1660	NEUTRAL	If you enjoy my stream don't forget to follow! Also, check out my social media for spicy highlights/updates when I go live: Youtube: https://goo.gl/SYXAna Twitter: https://twitter.com/FaZeMendokusaii
335	POSITIVE	I love navi
39	NEGATIVE	NotLikeThis touched the gold stuff
1318	NEUTRAL	KAJ PRODUCE THE SYMBOL OF THE KING
677	POSITIVE	so cheesy but it makes me giggle
532	NEGATIVE	but you're our dick @moonmoon_ow KappaPride
949	NEUTRAL	Unserver mute me dad @KarmaCharged307
23	POSITIVE	SHEEVER PogChamp
185	NEGATIVE	HI dong DansGame /
346	NEUTRAL	i dont can see the gameplay some b.. something is in the way
237	POSITIVE	P PogChamp G G E R S
311	NEGATIVE	LOOK AT SLACKS STUPID FACE DansGame
232	NEUTRAL	Did anyone else here Leah say Holy (s-word) after the 2k tip?
323	POSITIVE	great choice of music
585	NEGATIVE	Ted Cruz is the next killer
1167	NEUTRAL	@Ninja The guy in the truck by himself was also with the other guys lmfao. Bunch of gamers
33	POSITIVE	chlapci comeback :D
358	NEGATIVE	trying to be funny FailFish
1535	NEUTRAL	meet w9
35	POSITIVE	@ceejaaydagoat_ on godðŸ˜‚ðŸ˜‚
277	NEGATIVE	When did Seba get all scrawny WutFace
1251	NEUTRAL	MAN vs DAD
74	POSITIVE	League of Legends is fun! 4Head
164	NEGATIVE	LUL THEIR WOMENS VOLLEYBALL GOT REKT BY CHINA
444	NEUTRAL	i have over 2500 hours in LoL aswell xd
503	POSITIVE	mad Kreygasm
43	NEGATIVE	#61: "well doesn't he have some skill or is he lying" -Ryzzz (20-Aug-16)
146	NEUTRAL	Sexy time music? fatsEyes
45	POSITIVE	lmao
466	NEGATIVE	PUT WutFace IN CTRL C
153	NEUTRAL	"again" Kappa
691	POSITIVE	full bless heuheuheu
326	NEGATIVE	she looks like invoker
1697	NEUTRAL	alright imma back :D
348	POSITIVE	PogChamp PogChamp PogChamp
464	NEGATIVE	OhMyDog
558	NEUTRAL	1 DAY AOAK TOURNAMENT THIS SUNDAY ( 28TH AUGUST ). Type !tournament for more information
461	POSITIVE	xddddddd
505	NEGATIVE	DOTA BROKE
1012	NEUTRAL	@dmpuff want me to give you this sabeleye?
329	POSITIVE	But my first let's play will be half life 2. I just love that game
269	NEGATIVE	Just a *** load of balls
1227	NEUTRAL	@DreamLeague, can you ask Slacks to raise his left eyebrow? DendiFace
480	POSITIVE	!love mooramely
65	NEGATIVE	DendiFace LIVING DendiFace NOOB DendiFace *** DendiFace
1671	NEUTRAL	i broke after this part took me toooolong
564	POSITIVE	Yum!
600	NEGATIVE	French doter DansGame
348	NEUTRAL	@MattPeddlesden Lots of commuter stops
532	POSITIVE	Toooop top
203	NEGATIVE	SLACK : " LET'S show some serious face, I have no idea what is going on"
1242	NEUTRAL	sombra is a cat! it all makes sense now
353	POSITIVE	I love NAVI
320	NEGATIVE	7ckingbad Kappa
342	NEUTRAL	mad > sheever
67	POSITIVE	WOW THAT FOG PLAY
327	NEGATIVE	WHY DOES SHEEVER HAVE A DEEPER VOICE THAN THE FAT THING IN THE MIDDLE?
1473	NEUTRAL	I don't think you can actually win an argument with ATC, can you?
589	POSITIVE	sheever SO fine
507	NEGATIVE	short stream FeelsBadMan
1356	NEUTRAL	Wait, you're moving?
427	POSITIVE	He is so happy today! ðŸ˜Š
26	NEGATIVE	dirty little *** cheaters
1328	NEUTRAL	Froggen we want stream :S
639	POSITIVE	Mister I love the way you called all of us assholes xD
67	NEGATIVE	YOU ARE A NOOOOOOB
165	NEUTRAL	What Did you think
345	POSITIVE	sheever should be a model
205	NEGATIVE	Dong DansGame
1430	NEUTRAL	pawn*
334	POSITIVE	nice blink
57	NEGATIVE	stfu slacks
1641	NEUTRAL	yeah huskarls are the best infantry vs hc, but not very good either
401	POSITIVE	DARUDE SANDSTORM DARUDE SANDSTORM DARUDE SANDSTORM DARUDE SANDSTORM DARUDE SANDSTORM DARUDE SANDSTORM DARUDE SANDSTORM DARUDE SANDSTORM DARUDE SANDSTORM DARUDE SANDSTORM DARUDE SANDSTORM DARUDE SANDSTORM DARUDE SANDSTORM
436	NEGATIVE	guyro FailFish
68	NEUTRAL	the american way
655	POSITIVE	lol that eye bot
338	NEGATIVE	because he has ball cancer
1137	NEUTRAL	The game is basically Candy Crush with Waifus
360	POSITIVE	swedish porn best porn
529	NEGATIVE	RIP
1254	NEUTRAL	we might die if everone altar
402	POSITIVE	Lodey filthy frank is awesome
621	NEGATIVE	SUZY DansGame
1048	NEUTRAL	KappaPride KappaPride
623	POSITIVE	I got a gas station sandwich :D
602	NEGATIVE	*** u retard Slacks
813	NEUTRAL	3k MMR PANEL Kappa
698	POSITIVE	LUL ZULUL MEGALUL GIGALUL
182	NEGATIVE	NAVI BACK TO THE DUMPSTER SoBayed
292	NEUTRAL	@cookiez_n_creme switch it to audio
688	POSITIVE	End of the giveaway,stop typing #loseinarow and wait for the next game :D
159	NEGATIVE	NOt that music :(
1635	NEUTRAL	enemy plane I think
332	POSITIVE	I am having great fun in my own Dwarf campaign turn 140. my three armies vs 3 Chaos stacks with Kholek and Archaon. epic battle
119	NEGATIVE	I wish this cnut would crawl back up his mums chuff
1417	NEUTRAL	you also stepped over it
372	POSITIVE	:D :D :D :D
429	NEGATIVE	MIC MUTED
940	NEUTRAL	skyrim
146	POSITIVE	I lovingly call Rocket League "Car Balls"
341	NEGATIVE	I miss Pajkatt :(
1653	NEUTRAL	@bawlsman didn't you see the video when it said April Fools
91	POSITIVE	@Imotep_omar footjob Kreygasm
332	NEGATIVE	BIASED CASTER FailFish
1565	NEUTRAL	@nicktron give me 1 more shot baby
517	POSITIVE	NICE ACCENT 7mad EleGiggle
66	NEGATIVE	wats the song called fukers
1283	NEUTRAL	drew no
121	POSITIVE	Peter Potter PogChamp
140	NEGATIVE	Matt not gonna lie I called Telus said I want the best shit they got I don't care the price
1500	NEUTRAL	Yo have done a naked fists only challenge on dark souls 3 yet?
140	POSITIVE	Kaipi. 7mad 4Head
157	NEGATIVE	tryna calm his tits down
1569	NEUTRAL	In any%, the player must reach the "The End" screen as quickly as possible. The WR for 2nd place is 17:42 by TorjeAGC. Kappa
164	POSITIVE	I like the way you work it, NO DIGGITY
6	NEGATIVE	slacks such a *** clown
984	NEUTRAL	NA
658	POSITIVE	SLACKS PogChamp
152	NEGATIVE	OMG here comes the dickrider
902	NEUTRAL	Kredits : vecmaster60 [Lieutenant - Star 3 - 1,011 Hrs] - 8,254
620	POSITIVE	pcats i love whe
260	NEGATIVE	OD NotLikeThis
1202	NEUTRAL	!shoot
132	POSITIVE	ajmGoodMan
403	NEGATIVE	GAYRO ?
1147	NEUTRAL	Score guys??
377	POSITIVE	NO DIGGY 4Head
390	NEGATIVE	Will Sheever ever shut the *** up?
1491	NEUTRAL	ur a harry wizard Kappa
361	POSITIVE	notbad SeemsGood
578	NEGATIVE	GUY RO FailFish
196	NEUTRAL	if you can fight them again Kappa
675	POSITIVE	XDDDDDDDDD
547	NEGATIVE	CALL BLASTER HE'S CRYING BibleThump CALL BLASTER HE'S CRYING BibleThump CALL BLASTER HE'S CRYING BibleThump CALL BLASTER HE'S CRYING BibleThump CALL BLASTER HE'S CRYING BibleThump CALL BLASTER HE'S CRYING BibleThump CALL BLASTER HE'S CRYING BibleThump CALL BLASTER HE'S CRYING BibleThump CALL BLASTER HE'S CRYING BibleThump
9	NEUTRAL	@Si_monster yeah
161	POSITIVE	NICE BALANCE
451	NEGATIVE	NotLikeThis !!
705	NEUTRAL	@bajheera Hey dude, is there going to be any pvp gear in Legion?
227	POSITIVE	Sheerver hot as *** again Kreygasm
610	NEGATIVE	Salty.
1508	NEUTRAL	can you play me
99	POSITIVE	saluty :)
301	NEGATIVE	Still fun to watch people not knowing how to get around Honzo's Burn Knuckle into Burn Knuckle "Frame Trap" 4Head
1068	NEUTRAL	yep that's what im talking about..
102	POSITIVE	I love Kubrick
138	NEGATIVE	C horrible
864	NEUTRAL	Are u on xbox
447	POSITIVE	@scudpunk hey man sorry my sister wasn't able to make it to the stream today only my parents and I :)
468	NEGATIVE	the input lag with VSync is ridiculous
882	NEUTRAL	....
28	POSITIVE	I'm glad we got rid of those old cow emotes and replaced them with this good goat one
619	NEGATIVE	bleedPurple bleedPurple bleedPurple bleedPurple bleedPurple bleedPurple bleedPurple
307	NEUTRAL	cheer(number)
680	POSITIVE	Love that snapback homie, papi got some SWAG! DAWG
549	NEGATIVE	at least spam correctly
44	NEUTRAL	thanks for the lack of money
111	POSITIVE	plus the high allagan weapons make the coolest unsheathe sound <3
256	NEGATIVE	WTF
132	NEUTRAL	Did you make that??
317	POSITIVE	juststatic throws all the love at CASinNY!!! tockLove <3 tockLove <3 tockLove <3 tockLove <3 tockLove <3 tockLove <3 tockLove <3
330	NEGATIVE	</3
965	NEUTRAL	Yeah not with me
95	POSITIVE	History is history cherry ;)
216	NEGATIVE	Memes DansGame
681	NEUTRAL	Right well I'ma head off anywho, got's shizzle to prepare for a potential European deployment in the next couple of weeks PogChamp
527	POSITIVE	Oh dayum
271	NEGATIVE	DansGame mate
1588	NEUTRAL	Climb a tree
397	POSITIVE	ahah
618	NEGATIVE	SMOrc
1411	NEUTRAL	HI KITTEN
652	POSITIVE	I find it helpful :)
171	NEGATIVE	WutFace Zeta's mods
739	NEUTRAL	Stream uptime: 3 hours 43 minutes 50 seconds
701	POSITIVE	saajkoo, <3
58	NEGATIVE	loosing* FailFish
1008	NEUTRAL	These are uber pokemon and they are banned in OU and below matches so you CANNOT use any of the pokmon on this list http://www.smogon.com/dex/xy/formats/uber/
343	POSITIVE	GUY RO SoBayed GUYR RO SoBayed
173	NEGATIVE	@snidgert it goes everywhere, u dont understand NotLikeThis
837	NEUTRAL	Looks like the cops have given up the search ... the banks are ripe for hitting!
37	POSITIVE	NAVI WONNERED LUL
588	NEGATIVE	DansGame DansGame DansGame DansGame DansGame DansGame DansGame DansGame DansGame DansGame DansGame DansGame DansGame DansGame DansGame DansGame DansGame DansGame DansGame DansGame DansGame DansGame DansGame DansGame DansGame DansGame DansGame DansGame DansGame DansGame DansGame DansGame DansGame DansGame DansGame DansGame DansGame DansGame DansGame DansGame DansGame DansGame
1422	NEUTRAL	It is also under "Gaming Talk Shows" ;)
130	POSITIVE	Ohhh Emilcmgaming2003 suup
353	NEGATIVE	feelbadmna
92	NEUTRAL	echocorporation has 14 Lipstick Points
84	POSITIVE	sheever has big tits also lol
59	NEGATIVE	Go learn your history twitchtards MingLee
397	NEUTRAL	that's where woman from ISIS hide their bombs
189	POSITIVE	BLAST
613	NEGATIVE	PuppeyFace ResidentSleeper
612	NEUTRAL	Yo !!!
174	POSITIVE	mado :D
331	NEGATIVE	YOU BITCHES YOU BITCHES ENGLISH SPEAKING ENGLISH SPEAKING ENGLISH SPEAKING YOU BITCHES YOU BITCHES YOU BITCHES ENGLISH SPEAKING ENGLISH SPEAKING
405	NEUTRAL	one of our regulars at work today told me I need 2 boyfriends because I'm too much women for 1
252	POSITIVE	Mad so handsome
475	NEGATIVE	:/ I dunno that I need more nuts. Already thinking I need to see a doctor. One of mine is much bigger than the other two.
791	NEUTRAL	@spritesnbytes I thought the Asian release got canceled.
279	POSITIVE	Skip somh lol
496	NEGATIVE	well white nationalism
1452	NEUTRAL	PipeHype
350	POSITIVE	Feel you never luck ;p
515	NEGATIVE	GabeN Andy is an ass, and we won't be working with him again. GabeN
1591	NEUTRAL	GUY-RO
124	POSITIVE	double crit KReygasm
62	NEGATIVE	welcome to the stream but i dont like your name man
1607	NEUTRAL	Super Mario 602 is 24 hours unless you're god
324	POSITIVE	artstyle dazzle best dazzle 4Head
458	NEGATIVE	trap
1335	NEUTRAL	wow reinforced limbs
494	POSITIVE	4Head artsyle finds a way
366	NEGATIVE	RIP, Criminal
360	NEUTRAL	Silver linings Playbook is tonight
388	POSITIVE	\ :D /
116	NEGATIVE	fucking HITBOOX\
990	NEUTRAL	What if TLA is Oprah in disguise and she has all of the shirts that have been bought renaePetch
682	POSITIVE	VoHiYo wEEbs here VoHiYo
559	NEGATIVE	Slark is noob
1483	NEUTRAL	KappaPride KappaPride KappaPride
607	POSITIVE	wow big raid
572	NEGATIVE	SMOrc //
766	NEUTRAL	@stefan195 in the App Store it says the 27th
34	POSITIVE	slap the cap HeyGuys
127	NEGATIVE	When it comes to PC's I'm dumb as fuuuuuuuuuck
1112	NEUTRAL	I didn't have a freezing problem @bateson87hd
286	POSITIVE	hahahahahaah
362	NEGATIVE	wtf?
822	NEUTRAL	i need some rain
54	POSITIVE	I guess he didn't care about my comment lol
156	NEGATIVE	STFU SLACKS NotLikeThis
839	NEUTRAL	LET'S DO ICE WALL INSTEAD OF AUTOATTACK 4Head
385	POSITIVE	gitgud PogChamp
359	NEGATIVE	WTF Kappa
1266	NEUTRAL	it is not necessary though
610	POSITIVE	Draskyl so handsome KappaPride
40	NEGATIVE	RUINED KappaRoss
724	NEUTRAL	@Pokimane, What you said about name on wall?
214	POSITIVE	PogChamp HE WARDED PogChamp PogChamp HE WARDED PogChamp PogChamp HE WARDED PogChamp
151	NEGATIVE	MEMELEAGUE WutFace
541	NEUTRAL	SHOW DAD SHOW DAD SHOW DAD SHOW DAD SHOW DAD SHOW DAD SHOW DAD SHOW
526	POSITIVE	gg
106	NEGATIVE	what is the difference NotLikeTHis
29	NEUTRAL	START WITH JIKUUN
605	POSITIVE	I think the "gear gate" is a good thing
300	NEGATIVE	SLACKS WutFace
517	NEUTRAL	ANDREW GARFIELD PogChamp
671	POSITIVE	draskyl ur are so pro
177	NEGATIVE	im so confused from this nonsense
1151	NEUTRAL	@bearrnaked i keep hearing just worried
531	POSITIVE	SHEEVER SEXY SLACK Kreygasm
223	NEGATIVE	GAYRO
801	NEUTRAL	Kappa Kappa MiniK
15	POSITIVE	LUL xD SO FUNNY LUL
562	NEGATIVE	can't kill him apparently.
473	NEUTRAL	Guyro PogChamp
458	POSITIVE	SoBayed
73	NEGATIVE	7fckngbad
1136	NEUTRAL	such a small chair
664	POSITIVE	danDuck RareDan danDuck
166	NEGATIVE	nose picker WutFace
852	NEUTRAL	It wasn't me BigBrother
405	POSITIVE	Sign boss
431	NEGATIVE	Andi has the best, the best pervert slaves.
982	NEUTRAL	i always wished they made 2 spawn points one for the bed and one for a bedroll
504	POSITIVE	4Head
509	NEGATIVE	mods war so gut BibleThump
285	NEUTRAL	You chop off the dragons wings and attach them to your back... wow. Apprentice awrootbeerfloat has acquired 300 scales.
126	POSITIVE	Kreygasm Kreygasm Kreygasm Kreygasm Kreygasm Kreygasm
482	NEGATIVE	WutFace
542	NEUTRAL	Who is loyal in here
284	POSITIVE	sup
145	NEGATIVE	*** ur Mother kezzu SeemsGood
84	NEUTRAL	kermit the frog
269	POSITIVE	hes always boosted xD
183	NEGATIVE	moochers. free loaders. free riders. rude people.
527	NEUTRAL	@Littleleader Price must be shipped with Rik
69	POSITIVE	VoHiYo
80	NEGATIVE	u wot m8
1067	NEUTRAL	!points
430	POSITIVE	lol
616	NEGATIVE	danSgame DansGame
1336	NEUTRAL	Timig is right. Not even paige knows my age....i think
381	POSITIVE	my mayne <3
388	NEGATIVE	@Skruffyjrjr just call someone damnit...
74	NEUTRAL	vibu was streaming when i got home from work yesterday and he's streaming still when i'm back at work this morning
38	POSITIVE	Go navi so ez game
92	NEGATIVE	I ignore you stina all the time and you ignore me loriiLOL
104	NEUTRAL	!8ball will john cena ever retire?
185	POSITIVE	ibuki sweeeeet
313	NEGATIVE	*** gay voice
1230	NEUTRAL	because I keep getting 600-1000g fish from lvl 3 to now 7
428	POSITIVE	Harry Potter is back PogChamp
574	NEGATIVE	SLACKS FAT *** WutFace
1253	NEUTRAL	WHAT ABOUT HEIM?
491	POSITIVE	^^
286	NEGATIVE	yeah taking my 1.3bill cutter to Jaques gonna cost a crap ton..
480	NEUTRAL	Slacks please steal Mads glasses PogChamp
445	POSITIVE	lolllll
440	NEGATIVE	POISON BERRIES WutFace POISON BERRIES WutFace POISON BERRIES WutFace POISON BERRIES WutFace
1484	NEUTRAL	because he's half dark type
410	POSITIVE	that's the right way lol
622	NEGATIVE	daaaaaym
1024	NEUTRAL	why is everyone playing UB control today Kappa
637	POSITIVE	paddie is still better than most of the NA roamers
107	NEGATIVE	4Head My mother is Merkel 4Head My father is Putin 4Head yeah you guessed it right 4Head Im Hatred racist Eurotard 4Head now copy paste this 4Head
1587	NEUTRAL	18:00
635	POSITIVE	Candyyyy <3 xD
492	NEGATIVE	well, im kinda eating a whole 9 serving bag to myself :( im so bad ith food.
1189	NEUTRAL	oh? making fun of the bsk hopefuls?
437	POSITIVE	God GuardiaN
255	NEGATIVE	Why 39 why NotLikeThis
568	NEUTRAL	can i play dayz with you
591	POSITIVE	PogChamp PogChamp
479	NEGATIVE	Snapchat WutFace
1132	NEUTRAL	Guys
366	POSITIVE	khezzu = best initiator EU SeemsGood
84	NEGATIVE	Venge WutFace
38	NEUTRAL	alarm in 2016 LUL
26	POSITIVE	looool
118	NEGATIVE	this *** is getting too old sax
1389	NEUTRAL	Ok i will
172	POSITIVE	Hey Larsfest and chat =))
21	NEGATIVE	DansGame Flapping to sheever?
1710	NEUTRAL	and some herbs ofc
135	POSITIVE	having a great day
410	NEGATIVE	I dont care if its NA or the lowly EU,, I kill em all,, No Problemo
67	NEUTRAL	Summerslam last night was a let down
1	POSITIVE	Magic Kappa
543	NEGATIVE	sucki sucki
933	NEUTRAL	outpicked so hard
538	POSITIVE	hHHAAHHAHAAH
391	NEGATIVE	3k mistakes
688	NEUTRAL	and normally we add Kroketten, brown sauce (basically a sauce made from the fluid sweat out by the loaf) and bratkartofflen
78	POSITIVE	In 1 minute we're live with Beatlejase! Remixing audio :)
385	NEGATIVE	HE CALLED YOU A CRYBABY
192	NEUTRAL	is Harry Potter french?
191	POSITIVE	@darkjedi0 hopefully :)
325	NEGATIVE	Fuckingmad DansGame
13	NEUTRAL	+
581	POSITIVE	Yeah his sdi is incredible
169	NEGATIVE	How is FeelsBirthdayMan not the most used emote? BabyRage
1404	NEUTRAL	!join
425	POSITIVE	nice
41	NEGATIVE	dam glitches already
263	NEUTRAL	(Ìâ—•â—žà±ªâ—Ÿâ—•â€µ)
477	POSITIVE	xDDD boneclinks is so awesome <3
13	NEGATIVE	2V1 RAPE THE GIRL
1440	NEUTRAL	Russians and French wil be DLC apparently
98	POSITIVE	xaxaxaxaxa
137	NEGATIVE	WutFace WutFace
190	NEUTRAL	OD CHILLIN
145	POSITIVE	GUY RO 4Head
79	NEGATIVE	TheCiroth you are muted you idiot.
523	NEUTRAL	!???
219	POSITIVE	Thanks pleb minkDuck
89	NEGATIVE	russians in chat DansGame
564	NEUTRAL	time for a pb&j sandwich, god im sooo hungry today
539	POSITIVE	mm <3
180	NEGATIVE	Sheever's foot DansGame
314	NEUTRAL	kinda sounds like music from The Mask pokketP
543	POSITIVE	this BM LUL
181	NEGATIVE	i get on and the game's already broken, rip
886	NEUTRAL	team so heavy
387	POSITIVE	how he talks to his clients wow XD :P
520	NEGATIVE	*** REKT
277	NEUTRAL	!songrequest https://youtu.be/OJw3MmL-Omk
63	POSITIVE	but who would unmod someone when you can get a pizza for 5k more Kreygasn
387	NEGATIVE	Gordon hayward is a ginger you canadian fuck
1287	NEUTRAL	bavcena66 - Hours: 20.7 Hrs - Waffles: 749
41	POSITIVE	ayeeeee
352	NEGATIVE	u fuck u unfriended me
1220	NEUTRAL	Riders of Rohana
285	POSITIVE	LAG LUL
240	NEGATIVE	boosted animal
897	NEUTRAL	hi, I did see your beginner guide. and you make a songhai beginner deck. any tips on how to evole it when we get more card? is the nr 2 hero stronger?
117	POSITIVE	show your merc stats pls :D
244	NEGATIVE	Who the *** is Vash?
1160	NEUTRAL	HARRY POTTER NotATK
634	POSITIVE	LOOOL
376	NEGATIVE	ZOOM OUT ZOOM OUT WutFace
1412	NEUTRAL	@danisa31 tele?
239	POSITIVE	Sheever Kreygasm i just fap
214	NEGATIVE	who is the french gay?
1115	NEUTRAL	Synderyn
302	POSITIVE	:D
447	NEGATIVE	TORNADO U NOOB
1258	NEUTRAL	take a knife
553	POSITIVE	floppy is the best open gay streamer in wot
257	NEGATIVE	Fuck me that was a bad decision
406	NEUTRAL	can i play?
440	POSITIVE	smORC good play
186	NEGATIVE	DRASKYL IS AN *** 4Head
443	NEUTRAL	<3 Hello Xxkidguwopxx ! Welcome to the imcyphhuh1 stream!
354	POSITIVE	baguette baguette baguette YEAH
315	NEGATIVE	I signed up twitch just to say this: I HATE THE *** MUG FACE OF SLACK
874	NEUTRAL	Why did you put gravel in your eye? BrokeBack
204	POSITIVE	9 follows away :)
408	NEGATIVE	if only scott had good mods FeelsBadMan
1304	NEUTRAL	soo guy-ro
58	POSITIVE	fckingmad Kappapride fcking hot KappaPride
228	NEGATIVE	stranger things dimension swap WutFace
380	NEUTRAL	Oh Usain bolt, the real life Flash
14	POSITIVE	@thomaslov33 stay in smart guys stream lol
122	NEGATIVE	WHY IS SLACKS SO OBESE
1285	NEUTRAL	and you sure you arent a little Russian? @jleogrande
578	POSITIVE	o/
569	NEGATIVE	LIVING LEGEND??? LUL Kappa
1504	NEUTRAL	Look at him backpedal!
398	POSITIVE	Na'Vi fanboys EleGiggle
20	NEGATIVE	I go to Poland 2 times every year. During the winter, it's cold as fuck. During summer, it's hot as fuck.
147	NEUTRAL	TAUNT
554	POSITIVE	DAMN HE SEXY
522	NEGATIVE	#rekd
1679	NEUTRAL	i got about 10 painted hats, but just 1 panited wheels. it's tragic
282	POSITIVE	gg Kappa
253	NEGATIVE	SMOrc juggler
371	NEUTRAL	Oh om
432	POSITIVE	speeeeeeeeeeeeeeeeed
375	NEGATIVE	if you can read this your dick is small
1705	NEUTRAL	tho
612	POSITIVE	xd
454	NEGATIVE	I'm on the bus right now and the streets are flooding. Kill me
125	NEUTRAL	Where do you find bulbasaur I've never seen one
601	POSITIVE	hahahahahahajaha
148	NEGATIVE	THIS PANEL IS SO SHIEEEEEET
665	NEUTRAL	YOU ARE MILDLY INCONVENIENCED
299	POSITIVE	Slacks is trying so hard to not go full troll :D
239	NEGATIVE	dick Kappa
358	NEUTRAL	I got a shiny numel witch is my second shiny ever and now I'm hunting a sandshrew
603	POSITIVE	PEW PEW PEW PEW PEW PEW PEW PEW PEW PEW PEW PEW PEW
512	NEGATIVE	They have peach pop tarts? syn7WUT syn7WUT syn7WUT syn7WUT
76	NEUTRAL	but Kolento will you actually not try to build a purify deck? For fun? Or for the challenge? I think viewers will love it
693	POSITIVE	nice song :)
88	NEGATIVE	FeelsBadMan slow internet FeelsBadMan slow internet FeelsBadMan slow internet FeelsBadMan slow internet FeelsBadMan slow internet FeelsBadMan slow internet FeelsBadMan slow internet
607	NEUTRAL	DendiFace I bought back guys DendiFace
621	POSITIVE	yea lol i have ps4 =)
463	NEGATIVE	DansGame ?
1357	NEUTRAL	waaaaaatt
452	POSITIVE	Woooop
217	NEGATIVE	murder gec
587	NEUTRAL	for the bosses at least
407	POSITIVE	@scudpunk its not cold, its actually beautiful, i've been to poland so many times.
577	NEGATIVE	shutup nlshe
1432	NEUTRAL	Harry potta
679	POSITIVE	redditors be like options high gameplay low LUL
321	NEGATIVE	DONT STREAM LEAGUE EVER PogChamp DONT STREAM LEAGUE EVER PogChamp DONT STREAM LEAGUE EVER PogChamp DONT STREAM LEAGUE EVER PogChamp DONT STREAM LEAGUE EVER PogChamp DONT STREAM LEAGUE EVER PogChamp DONT STREAM LEAGUE EVER PogChamp DONT STREAM LEAGUE EVER PogChamp DONT STREAM LEAGUE EVER PogChamp DONT STREAM LEAGUE EVER PogChamp DONT STREAM LEAGUE EVER PogChamp DONT STREAM LEAGUE EVER PogChamp DONT STREAM LEAGUE EVER PogChamp DONT STREAM LEAGUE EVER PogChamp @loltyler1 .
287	NEUTRAL	hi Kappa
217	POSITIVE	"or not" XD
370	NEGATIVE	\venge Spells WutFace
1321	NEUTRAL	this is gg
662	POSITIVE	Midobo = Legend, loving father, great killer
87	NEGATIVE	shroudThump shroudThump shroudThump
1437	NEUTRAL	TIMTHETATMAN and pick 1-1, instawin @shaffeR2369 Lol, Shroud impression is amazing!
379	POSITIVE	Look At Me Sheever Kreygasm
295	NEGATIVE	he sympathy trolling LUL
1686	NEUTRAL	@Radomega225, aww, that's a bummer. What, were they hyper-competitive or something?
611	POSITIVE	ROFL
254	NEGATIVE	Don't build like a tard...
79	NEUTRAL	I'm slow
171	POSITIVE	PogChamp
130	NEGATIVE	guys im not kidding, this painting looks creepy as it is.....
1433	NEUTRAL	GET THE CAMERA
393	POSITIVE	gg face
94	NEGATIVE	always invoker ResidentSleeper
878	NEUTRAL	its been like this since v1 of snipe
364	POSITIVE	thats cool
372	NEGATIVE	NAVI FANSHITS? SoBayed
245	NEUTRAL	I got a rock.
592	POSITIVE	SpiderLoser is streaming a good variety of games on PC and XBOX 360 :) Check him and his very friendly streams out, you won't regret it! www.twitch.tv/spiderloser :D
70	NEGATIVE	Yea i understand, telling the streamer anything he wouldnt know without me is meta gaming. And personally i disagree with it too. Was mainly wondering why i got banned haha, all cleared up now thanks.
1311	NEUTRAL	!skip
212	POSITIVE	LULULULUL.
275	NEGATIVE	oha... never be a nice guy Airborne_Panda FeelsBadMan
330	NEUTRAL	The song MÃ˜ - Final Song (Official Video) requested by chakletcookiee has been added to the queue.
544	POSITIVE	Oh I gave you about 6k yesterday, gimme 99 back LUL
141	NEGATIVE	BULLDOG DansGame
274	NEUTRAL	EVE's biggest problem is the link to RL currency
307	POSITIVE	:3
132	NEGATIVE	Show me your WAND SwiftRage
713	NEUTRAL	winderuner this guy is 2k
93	POSITIVE	sharing is caring
342	NEGATIVE	oops fail....
732	NEUTRAL	@JhownD Ah ok ^^
